<tiles>
  <tile bank="1" tileset="0" type="Main" name="Plat\BckCHR_00.bmp" display="Tileset00" />
  <tile bank="1" tileset="1" type="Main" name="Plat\BckCHR_01.bmp" display="Tileset01" />
  <tile bank="1" tileset="2" type="Main" name="Plat\BckCHR_02.bmp" display="Tileset02" />
  <tile bank="1" tileset="3" type="Main" name="Plat\BckCHR_03.bmp" display="Tileset03" />
  <tile bank="1" tileset="4" type="Main" name="Plat\BckCHR_04.bmp" display="Tileset04" />
  <tile bank="1" tileset="5" type="Main" name="Plat\BckCHR_05.bmp" display="Tileset05" />
  <tile bank="1" tileset="0" type="Screen" name="Plat\BckSSChr00.bmp" display="Tileset_Screen_00" />
  <tile bank="1" tileset="1" type="Screen" name="Plat\BckSSChr01.bmp" display="Tileset_Screen_01" />
  <tile bank="1" tileset="2" type="Screen" name="Plat\BckSSChr02.bmp" display="Tileset_Screen_02" />
  <tile bank="1" tileset="3" type="Screen" name="Plat\BckSSChr03.bmp" display="Tileset_Screen_03" />
  <tile bank="1" tileset="4" type="Screen" name="Plat\BckSSChr04.bmp" display="Tileset_Screen_04" />
  <tile bank="1" tileset="5" type="Screen" name="Plat\BckSSChr05.bmp" display="Tileset_Screen_05" />
  <tile bank="1" tileset="6" type="Screen" name="Plat\BckSSChr06.bmp" display="Tileset_Screen_06" />
  <tile bank="1" tileset="7" type="Screen" name="Plat\BckSSChr07.bmp" display="Tileset_Screen_07" />
  <tile bank="1" tileset="8" type="Screen" name="Plat\BckSSChr08.bmp" display="Tileset_Screen_08" />
  <tile bank="1" tileset="9" type="Screen" name="Plat\BckSSChr09.bmp" display="Tileset_Screen_09" />
  <tile bank="2" tileset="0" type="Main" name="Plat\BckCHR_06.bmp" display="Tileset06" />
  <tile bank="2" tileset="1" type="Main" name="Plat\BckCHR_07.bmp" display="Tileset07" />
  <tile bank="2" tileset="2" type="Main" name="Plat\BckCHR_08.bmp" display="Tileset08" />
  <tile bank="2" tileset="3" type="Main" name="Plat\BckCHR_09.bmp" display="Tileset09" />
  <tile bank="2" tileset="4" type="Main" name="Plat\BckCHR_10.bmp" display="Tileset10" />
  <tile bank="2" tileset="5" type="Main" name="Plat\BckCHR_11.bmp" display="Tileset11" />
  <tile bank="2" tileset="0" type="Screen" name="Plat\BckSSChr10.bmp" display="Tileset_Screen_10" />
  <tile bank="2" tileset="1" type="Screen" name="Plat\BckSSChr11.bmp" display="Tileset_Screen_11" />
  <tile bank="2" tileset="2" type="Screen" name="Plat\BckSSChr12.bmp" display="Tileset_Screen_12" />
  <tile bank="2" tileset="3" type="Screen" name="Plat\BckSSChr13.bmp" display="Tileset_Screen_13" />
  <tile bank="2" tileset="4" type="Screen" name="Plat\BckSSChr14.bmp" display="Tileset_Screen_14" />
  <tile bank="2" tileset="5" type="Screen" name="Plat\BckSSChr15.bmp" display="Tileset_Screen_15" />
  <tile bank="2" tileset="6" type="Screen" name="Plat\BckSSChr16.bmp" display="Tileset_Screen_16" />
  <tile bank="2" tileset="7" type="Screen" name="Plat\BckSSChr17.bmp" display="Tileset_Screen_17" />
  <tile bank="2" tileset="8" type="Screen" name="Plat\BckSSChr18.bmp" display="Tileset_Screen_18" />
  <tile bank="2" tileset="9" type="Screen" name="Plat\BckSSChr19.bmp" display="Tileset_Screen_19" />
  <tile bank="3" tileset="0" type="Main" name="Plat\BckCHR_12.bmp" display="Tileset12" />
  <tile bank="3" tileset="1" type="Main" name="Plat\BckCHR_13.bmp" display="Tileset13" />
  <tile bank="3" tileset="2" type="Main" name="Plat\BckCHR_14.bmp" display="Tileset14" />
  <tile bank="3" tileset="3" type="Main" name="Plat\BckCHR_15.bmp" display="Tileset15" />
  <tile bank="3" tileset="4" type="Main" name="Plat\BckCHR_16.bmp" display="Tileset16" />
  <tile bank="3" tileset="5" type="Main" name="Plat\BckCHR_17.bmp" display="Tileset17" />
  <tile bank="3" tileset="0" type="Screen" name="Plat\BckSSChr20.bmp" display="Tileset_Screen_20" />
  <tile bank="3" tileset="1" type="Screen" name="Plat\BckSSChr21.bmp" display="Tileset_Screen_21" />
  <tile bank="3" tileset="2" type="Screen" name="Plat\BckSSChr22.bmp" display="Tileset_Screen_22" />
  <tile bank="3" tileset="3" type="Screen" name="Plat\BckSSChr23.bmp" display="Tileset_Screen_23" />
  <tile bank="3" tileset="4" type="Screen" name="Plat\BckSSChr24.bmp" display="Tileset_Screen_24" />
  <tile bank="3" tileset="5" type="Screen" name="Plat\BckSSChr25.bmp" display="Tileset_Screen_25" />
  <tile bank="3" tileset="6" type="Screen" name="Plat\BckSSChr26.bmp" display="Tileset_Screen_26" />
  <tile bank="3" tileset="7" type="Screen" name="Plat\BckSSChr27.bmp" display="Tileset_Screen_27" />
  <tile bank="3" tileset="8" type="Screen" name="Plat\BckSSChr28.bmp" display="Tileset_Screen_28" />
  <tile bank="3" tileset="9" type="Screen" name="Plat\BckSSChr29.bmp" display="Tileset_Screen_29" />
  <tile bank="0" tileset="0" type="Path" name="Plat\PathTiles00.bmp" display="Path-0" />
  <tile bank="1" tileset="0" type="Path" name="Plat\PathTiles00.bmp" display="Path-0" />
  <tile bank="2" tileset="0" type="Path" name="Plat\PathTiles01.bmp" display="Path-0" />
  <tile bank="3" tileset="0" type="Path" name="Plat\PathTiles02.bmp" display="Path-0" />
  <tile bank="0" tileset="0" type="specialTiles" name="Plat\StartScreen.bmp" display="Start Screen" />
  <tile bank="0" tileset="1" type="specialTiles" name="Plat\WinScreen.bmp" display="Win Screen" />
  <tile bank="0" tileset="2" type="specialTiles" name="Plat\MenuScreen.bmp" display="Menu Screen" />
  <tile bank="0" tileset="3" type="specialTiles" name="Plat\RegisterScreen.bmp" display="Register Screen" />
  <tile bank="0" tileset="4" type="specialTiles" name="Plat\DeathScreen.bmp" display="Death Screen" />
  <tile bank="0" tileset="5" type="specialTiles" name="Plat\ShopScreen.bmp" display="Shop Screen" />
  <tile bank="0" tileset="6" type="specialTiles" name="Plat\NPCScreen.bmp" display="NPC Screen" />
  <tile bank="0" tileset="7" type="specialTiles" name="Plat\Menu2Screen.bmp" display="Menu 2 Screen" />
  <tile bank="0" tileset="0" type="objectTiles" name="Plat\GameObjectTiles.bmp" display="GameObjectTiles.bmp" />
  <tile bank="0" tileset="0" type="HudTiles" name="Plat\HudTiles.bmp" display="Hud Tiles" />
  <tile bank="0" tileset="0" type="Monster" name="Plat\Monster_0_00.bmp" display="Tiles-0" />
  <tile bank="0" tileset="1" type="Monster" name="Plat\Monster_0_01.bmp" display="Tiles-1" />
  <tile bank="0" tileset="2" type="Monster" name="Plat\Monster_0_02.bmp" display="Tiles-2" />
  <tile bank="0" tileset="3" type="Monster" name="Plat\Monster_0_03.bmp" display="Tiles-3" />
  <tile bank="0" tileset="4" type="Monster" name="Plat\Monster_0_04.bmp" display="Tiles-4" />
  <tile bank="0" tileset="5" type="Monster" name="Plat\Monster_0_05.bmp" display="Tiles-5" />
  <tile bank="0" tileset="6" type="Monster" name="Plat\Monster_0_06.bmp" display="Tiles-6" />
  <tile bank="0" tileset="7" type="Monster" name="Plat\Monster_0_07.bmp" display="Tiles-7" />
  <tile bank="1" tileset="0" type="Monster" name="Plat\Monster_1_00.bmp" display="Tiles-0" />
  <tile bank="1" tileset="1" type="Monster" name="Plat\Monster_1_01.bmp" display="Tiles-1" />
  <tile bank="1" tileset="2" type="Monster" name="Plat\Monster_1_02.bmp" display="Tiles-2" />
  <tile bank="1" tileset="3" type="Monster" name="Plat\Monster_1_03.bmp" display="Tiles-3" />
  <tile bank="1" tileset="4" type="Monster" name="Plat\Monster_1_04.bmp" display="Tiles-4" />
  <tile bank="1" tileset="5" type="Monster" name="Plat\Monster_1_05.bmp" display="Tiles-5" />
  <tile bank="1" tileset="6" type="Monster" name="Plat\Monster_1_06.bmp" display="Tiles-6" />
  <tile bank="1" tileset="7" type="Monster" name="Plat\Monster_1_07.bmp" display="Tiles-7" />
</tiles>
