<Script>
  <AddAction name="AddScript" source="MainASM.asm" target="Basic\MainASM.asm" />
  <AddAction name="AddScript" source="BankData\Bank00.asm" target="Basic\BankData\Bank00.asm" />
  <AddAction name="AddScript" source="BankData\Bank01.asm" target="Basic\BankData\Bank01.asm" />
  <AddAction name="AddScript" source="BankData\Bank02.asm" target="Basic\BankData\Bank02.asm" />
  <AddAction name="AddScript" source="BankData\Bank03.asm" target="Basic\BankData\Bank03.asm" />
  <AddAction name="AddScript" source="BankData\Bank04.asm" target="Basic\BankData\Bank04.asm" />
  <AddAction name="AddScript" source="BankData\Bank05.asm" target="Basic\BankData\Bank05.asm" />
  <AddAction name="AddScript" source="BankData\Bank06.asm" target="Basic\BankData\Bank06.asm" />
  <AddAction name="AddScript" source="BankData\Bank07.asm" target="Basic\BankData\Bank07.asm" />
  <AddAction name="AddScript" source="BankData\Bank08.asm" target="Basic\BankData\Bank08.asm" />
  <AddAction name="AddScript" source="BankData\Bank09.asm" target="Basic\BankData\Bank09.asm" />
  <AddAction name="AddScript" source="BankData\Bank0A.asm" target="Basic\BankData\Bank0A.asm" />
  <AddAction name="AddScript" source="BankData\Bank0B.asm" target="Basic\BankData\Bank0B.asm" />
  <AddAction name="AddScript" source="BankData\Bank0C.asm" target="Basic\BankData\Bank0C.asm" />
  <AddAction name="AddScript" source="BankData\Bank0D.asm" target="Basic\BankData\Bank0D.asm" />
  <AddAction name="AddScript" source="BankData\Bank0E.asm" target="Basic\BankData\Bank0E.asm" />
  <AddAction name="AddScript" source="BankData\Bank0F.asm" target="Basic\BankData\Bank0F.asm" />
  <AddAction name="AddScript" source="BankData\Bank10.asm" target="Basic\BankData\Bank10.asm" />
  <AddAction name="AddScript" source="BankData\Bank11.asm" target="Basic\BankData\Bank11.asm" />
  <AddAction name="AddScript" source="BankData\Bank12.asm" target="Basic\BankData\Bank12.asm" />
  <AddAction name="AddScript" source="BankData\Bank13.asm" target="Basic\BankData\Bank13.asm" />
  <AddAction name="AddScript" source="BankData\Bank14.asm" target="Basic\BankData\Bank14.asm" />
  <AddAction name="AddScript" source="BankData\Bank15.asm" target="Basic\BankData\Bank15.asm" />
  <AddAction name="AddScript" source="BankData\Bank16.asm" target="Basic\BankData\Bank16.asm" />
  <AddAction name="AddScript" source="BankData\Bank17.asm" target="Basic\BankData\Bank17.asm" />
  <AddAction name="AddScript" source="BankData\Bank18.asm" target="Basic\BankData\Bank18.asm" />
  <AddAction name="AddScript" source="BankData\Bank19.asm" target="Basic\BankData\Bank19.asm" />
  <AddAction name="AddScript" source="BankData\Bank1A.asm" target="Basic\BankData\Bank1A.asm" />
  <AddAction name="AddScript" source="BankData\Bank1B.asm" target="Basic\BankData\Bank1B.asm" />
  <AddAction name="AddScript" source="BankData\Bank1C.asm" target="Basic\BankData\Bank1C.asm" />
  <AddAction name="AddScript" source="BankData\Bank1D.asm" target="Basic\BankData\Bank1D.asm" />
  <AddAction name="AddScript" source="BankData\Bank1E.asm" target="Basic\BankData\Bank1E.asm" />
  <AddAction name="AddScript" source="DataLoadScripts\LoadAttUpdate.asm" target="Basic\DataLoadScripts\LoadAttUpdate.asm" />
  <AddAction name="AddScript" source="DataLoadScripts\LoadHudData.asm" target="Basic\DataLoadScripts\LoadHudData.asm" />
  <AddAction name="AddScript" source="DataLoadScripts\LoadPalettes.asm" target="Basic\DataLoadScripts\LoadPalettes.asm" />
  <AddAction name="AddScript" source="DataLoadScripts\LoadTileUpdate.asm" target="Basic\DataLoadScripts\LoadTileUpdate.asm" />
  <AddAction name="AddScript" source="InitializationScripts\hudVarInits.asm" target="Basic\InitializationScripts\hudVarInits.asm" />
  <AddAction name="AddScript" source="InitializationScripts\InitLoads.asm" target="Basic\InitializationScripts\InitLoads.asm" />
  <AddAction name="AddScript" source="InitializationScripts\LoadFromConstants.asm" target="Basic\InitializationScripts\LoadFromConstants.asm" />
  <AddAction name="AddScript" source="ModuleScripts\BlankScript.asm" target="Basic\ModuleScripts\BlankScript.asm" />
  <AddAction name="AddScript" source="ModuleScripts\SimpleReset.asm" target="Basic\ModuleScripts\SimpleReset.asm" />
  <AddAction name="AddScript" source="ModuleScripts\UserSubroutines.asm" target="Basic\ModuleScripts\UserSubroutines.asm" />
  <AddAction name="AddScript" source="ModuleScripts\AiScripts\MoveLeft.asm" target="Basic\ModuleScripts\AiScripts\MoveLeft.asm" />
  <AddAction name="AddScript" source="ModuleScripts\AiScripts\MoveRight.asm" target="Basic\ModuleScripts\AiScripts\MoveRight.asm" />
  <AddAction name="AddScript" source="ModuleScripts\AiScripts\Null_noAction.asm" target="Basic\ModuleScripts\AiScripts\Null_noAction.asm" />
  <AddAction name="AddScript" source="ModuleScripts\AiScripts\RandomMovement_2_LR.asm" target="Basic\ModuleScripts\AiScripts\RandomMovement_2_LR.asm" />
  <AddAction name="AddScript" source="ModuleScripts\AiScripts\RandomMovement_2_UD.asm" target="Basic\ModuleScripts\AiScripts\RandomMovement_2_UD.asm" />
  <AddAction name="AddScript" source="ModuleScripts\AiScripts\RandomMovement_4.asm" target="Basic\ModuleScripts\AiScripts\RandomMovement_4.asm" />
  <AddAction name="AddScript" source="ModuleScripts\AiScripts\RandomMovement_8.asm" target="Basic\ModuleScripts\AiScripts\RandomMovement_8.asm" />
  <AddAction name="AddScript" source="ModuleScripts\AiScripts\ShootStraight.asm" target="Basic\ModuleScripts\AiScripts\ShootStraight.asm" />
  <AddAction name="AddScript" source="ModuleScripts\AiScripts\ShootTowardsPlayer.asm" target="Basic\ModuleScripts\AiScripts\ShootTowardsPlayer.asm" />
  <AddAction name="AddScript" source="ModuleScripts\AiScripts\StopMoving.asm" target="Basic\ModuleScripts\AiScripts\StopMoving.asm" />
  <AddAction name="AddScript" source="ModuleScripts\AiScripts\Teleport.asm" target="Basic\ModuleScripts\AiScripts\Teleport.asm" />
  <AddAction name="AddScript" source="ModuleScripts\AiScripts\TurnDirection.asm" target="Basic\ModuleScripts\AiScripts\TurnDirection.asm" />
  <AddAction name="AddScript" source="ModuleScripts\HurtWinLoseDeath\ActivateWarp.asm" target="Basic\ModuleScripts\HurtWinLoseDeath\ActivateWarp.asm" />
  <AddAction name="AddScript" source="ModuleScripts\HurtWinLoseDeath\CreatePlayerDeathObject.asm" target="Basic\ModuleScripts\HurtWinLoseDeath\CreatePlayerDeathObject.asm" />
  <AddAction name="AddScript" source="ModuleScripts\HurtWinLoseDeath\HandleDrops.asm" target="Basic\ModuleScripts\HurtWinLoseDeath\HandleDrops.asm" />
  <AddAction name="AddScript" source="ModuleScripts\HurtWinLoseDeath\HandleHurtMonster.asm" target="Basic\ModuleScripts\HurtWinLoseDeath\HandleHurtMonster.asm" />
  <AddAction name="AddScript" source="ModuleScripts\HurtWinLoseDeath\HandlePlayerDeath.asm" target="Basic\ModuleScripts\HurtWinLoseDeath\HandlePlayerDeath.asm" />
  <AddAction name="AddScript" source="ModuleScripts\HurtWinLoseDeath\HandlePlayerHurt.asm" target="Basic\ModuleScripts\HurtWinLoseDeath\HandlePlayerHurt.asm" />
  <AddAction name="AddScript" source="ModuleScripts\HurtWinLoseDeath\HandlePlayerWin.asm" target="Basic\ModuleScripts\HurtWinLoseDeath\HandlePlayerWin.asm" />
  <AddAction name="AddScript" source="ModuleScripts\HurtWinLoseDeath\NoMorePrize_ChangePlayerAnim.asm" target="Basic\ModuleScripts\HurtWinLoseDeath\NoMorePrize_ChangePlayerAnim.asm" />
  <AddAction name="AddScript" source="ModuleScripts\HurtWinLoseDeath\NoMorePrize_CreateVictoryObject.asm" target="Basic\ModuleScripts\HurtWinLoseDeath\NoMorePrize_CreateVictoryObject.asm" />
  <AddAction name="AddScript" source="ModuleScripts\HurtWinLoseDeath\NoMorePrize_DoWarp.asm" target="Basic\ModuleScripts\HurtWinLoseDeath\NoMorePrize_DoWarp.asm" />
  <AddAction name="AddScript" source="ModuleScripts\HurtWinLoseDeath\PlayerLoseLife.asm" target="Basic\ModuleScripts\HurtWinLoseDeath\PlayerLoseLife.asm" />
  <AddAction name="AddScript" source="ModuleScripts\HurtWinLoseDeath\WarpToScreen.asm" target="Basic\ModuleScripts\HurtWinLoseDeath\WarpToScreen.asm" />
  <AddAction name="AddScript" source="ModuleScripts\HurtWinLoseDeath\MazeGame\LoseInvincibility.asm" target="Basic\ModuleScripts\HurtWinLoseDeath\MazeGame\LoseInvincibility.asm" />
  <AddAction name="AddScript" source="ModuleScripts\HurtWinLoseDeath\ScrollingPlatformer\CreateVictoryObject.asm" target="Basic\ModuleScripts\HurtWinLoseDeath\ScrollingPlatformer\CreateVictoryObject.asm" />
  <AddAction name="AddScript" source="ModuleScripts\HurtWinLoseDeath\ScrollingPlatformer\KilledLastMonster.asm" target="Basic\ModuleScripts\HurtWinLoseDeath\ScrollingPlatformer\KilledLastMonster.asm" />
  <AddAction name="AddScript" source="ModuleScripts\HurtWinLoseDeath\ScrollingPlatformer\LoseInvincibility.asm" target="Basic\ModuleScripts\HurtWinLoseDeath\ScrollingPlatformer\LoseInvincibility.asm" />
  <AddAction name="AddScript" source="ModuleScripts\HurtWinLoseDeath\ScrollingPlatformer\NoMorePrize_CreateVictoryObject.asm" target="Basic\ModuleScripts\HurtWinLoseDeath\ScrollingPlatformer\NoMorePrize_CreateVictoryObject.asm" />
  <AddAction name="AddScript" source="ModuleScripts\HurtWinLoseDeath\ScrollingPlatformer\PlayerLoseLife.asm" target="Basic\ModuleScripts\HurtWinLoseDeath\ScrollingPlatformer\PlayerLoseLife.asm" />
  <AddAction name="AddScript" source="ModuleScripts\HurtWinLoseDeath\ScrollingShooter\KilledLastMonster.asm" target="Basic\ModuleScripts\HurtWinLoseDeath\ScrollingShooter\KilledLastMonster.asm" />
  <AddAction name="AddScript" source="ModuleScripts\HurtWinLoseDeath\SimplePlatformer\LoseInvincibility.asm" target="Basic\ModuleScripts\HurtWinLoseDeath\SimplePlatformer\LoseInvincibility.asm" />
  <AddAction name="AddScript" source="ModuleScripts\InputScripts\ActivateTextbox.asm" target="Basic\ModuleScripts\InputScripts\ActivateTextbox.asm" />
  <AddAction name="AddScript" source="ModuleScripts\InputScripts\ActivateWarp.asm" target="Basic\ModuleScripts\InputScripts\ActivateWarp.asm" />
  <AddAction name="AddScript" source="ModuleScripts\InputScripts\CreateObject_simple.asm" target="Basic\ModuleScripts\InputScripts\CreateObject_simple.asm" />
  <AddAction name="AddScript" source="ModuleScripts\InputScripts\ExtraControllReadCode.asm" target="Basic\ModuleScripts\InputScripts\ExtraControllReadCode.asm" />
  <AddAction name="AddScript" source="ModuleScripts\InputScripts\SimpleJump.asm" target="Basic\ModuleScripts\InputScripts\SimpleJump.asm" />
  <AddAction name="AddScript" source="ModuleScripts\InputScripts\SongPlayTest.asm" target="Basic\ModuleScripts\InputScripts\SongPlayTest.asm" />
  <AddAction name="AddScript" source="ModuleScripts\InputScripts\SoundPlayTest.asm" target="Basic\ModuleScripts\InputScripts\SoundPlayTest.asm" />
  <AddAction name="AddScript" source="ModuleScripts\InputScripts\StartGame.asm" target="Basic\ModuleScripts\InputScripts\StartGame.asm" />
  <AddAction name="AddScript" source="ModuleScripts\InputScripts\varJump.asm" target="Basic\ModuleScripts\InputScripts\varJump.asm" />
  <AddAction name="AddScript" source="ModuleScripts\InputScripts\Adventure\a_create_projectile.asm" target="Basic\ModuleScripts\InputScripts\Adventure\a_create_projectile.asm" />
  <AddAction name="AddScript" source="ModuleScripts\InputScripts\Adventure\b_create_melee.asm" target="Basic\ModuleScripts\InputScripts\Adventure\b_create_melee.asm" />
  <AddAction name="AddScript" source="ModuleScripts\InputScripts\MazeGame\ExtraControllReadCode.asm" target="Basic\ModuleScripts\InputScripts\MazeGame\ExtraControllReadCode.asm" />
  <AddAction name="AddScript" source="ModuleScripts\InputScripts\Shooter\a_create_projectile.asm" target="Basic\ModuleScripts\InputScripts\Shooter\a_create_projectile.asm" />
  <AddAction name="AddScript" source="ModuleScripts\InputScripts\SimplePlatformer\a_simple_jump.asm" target="Basic\ModuleScripts\InputScripts\SimplePlatformer\a_simple_jump.asm" />
  <AddAction name="AddScript" source="ModuleScripts\InputScripts\SimplePlatformer\varJump.asm" target="Basic\ModuleScripts\InputScripts\SimplePlatformer\varJump.asm" />
  <AddAction name="AddScript" source="ModuleScripts\MainScripts\DrawSprites.asm" target="Basic\ModuleScripts\MainScripts\DrawSprites.asm" />
  <AddAction name="AddScript" source="ModuleScripts\MainScripts\HandleBounds.asm" target="Basic\ModuleScripts\MainScripts\HandleBounds.asm" />
  <AddAction name="AddScript" source="ModuleScripts\MainScripts\HandleCamera.asm" target="Basic\ModuleScripts\MainScripts\HandleCamera.asm" />
  <AddAction name="AddScript" source="ModuleScripts\MainScripts\NoScroll.asm" target="Basic\ModuleScripts\MainScripts\NoScroll.asm" />
  <AddAction name="AddScript" source="ModuleScripts\MainScripts\Physics_4_1_0.asm" target="Basic\ModuleScripts\MainScripts\Physics_4_1_0.asm" />
  <AddAction name="AddScript" source="ModuleScripts\MainScripts\PlayerGuidedScrolling_forPhysics.asm" target="Basic\ModuleScripts\MainScripts\PlayerGuidedScrolling_forPhysics.asm" />
  <AddAction name="AddScript" source="ModuleScripts\MainScripts\PostDraw.asm" target="Basic\ModuleScripts\MainScripts\PostDraw.asm" />
  <AddAction name="AddScript" source="ModuleScripts\MainScripts\PreDraw.asm" target="Basic\ModuleScripts\MainScripts\PreDraw.asm" />
  <AddAction name="AddScript" source="ModuleScripts\MainScripts\TileCollision_4_1_0.asm" target="Basic\ModuleScripts\MainScripts\TileCollision_4_1_0.asm" />
  <AddAction name="AddScript" source="ModuleScripts\MainScripts\AdventureGame\HandleObjectCollisions.asm" target="Basic\ModuleScripts\MainScripts\AdventureGame\HandleObjectCollisions.asm" />
  <AddAction name="AddScript" source="ModuleScripts\MainScripts\AdventureGame\HandleScreenLoads.asm" target="Basic\ModuleScripts\MainScripts\AdventureGame\HandleScreenLoads.asm" />
  <AddAction name="AddScript" source="ModuleScripts\MainScripts\AdventureGame\HandleSpriteWeapon.asm" target="Basic\ModuleScripts\MainScripts\AdventureGame\HandleSpriteWeapon.asm" />
  <AddAction name="AddScript" source="ModuleScripts\MainScripts\AdventureGame\HandleTileCollision.asm" target="Basic\ModuleScripts\MainScripts\AdventureGame\HandleTileCollision.asm" />
  <AddAction name="AddScript" source="ModuleScripts\MainScripts\AdventureGame\Handle_CheckForMonsters.asm" target="Basic\ModuleScripts\MainScripts\AdventureGame\Handle_CheckForMonsters.asm" />
  <AddAction name="AddScript" source="ModuleScripts\MainScripts\AdventureGame\Handle_CheckForTriggers.asm" target="Basic\ModuleScripts\MainScripts\AdventureGame\Handle_CheckForTriggers.asm" />
  <AddAction name="AddScript" source="ModuleScripts\MainScripts\AdventureGame\PreDraw.asm" target="Basic\ModuleScripts\MainScripts\AdventureGame\PreDraw.asm" />
  <AddAction name="AddScript" source="ModuleScripts\MainScripts\BoundsHandlers\DoBottomBoundsUpdate.asm" target="Basic\ModuleScripts\MainScripts\BoundsHandlers\DoBottomBoundsUpdate.asm" />
  <AddAction name="AddScript" source="ModuleScripts\MainScripts\BoundsHandlers\DoLeftBoundsUpdate.asm" target="Basic\ModuleScripts\MainScripts\BoundsHandlers\DoLeftBoundsUpdate.asm" />
  <AddAction name="AddScript" source="ModuleScripts\MainScripts\BoundsHandlers\DoRightBoundsUpdate.asm" target="Basic\ModuleScripts\MainScripts\BoundsHandlers\DoRightBoundsUpdate.asm" />
  <AddAction name="AddScript" source="ModuleScripts\MainScripts\BoundsHandlers\DoTopBoundsUpdate.asm" target="Basic\ModuleScripts\MainScripts\BoundsHandlers\DoTopBoundsUpdate.asm" />
  <AddAction name="AddScript" source="ModuleScripts\MainScripts\MazeGame\HandleObjectCollisions.asm" target="Basic\ModuleScripts\MainScripts\MazeGame\HandleObjectCollisions.asm" />
  <AddAction name="AddScript" source="ModuleScripts\MainScripts\MazeGame\HandleTileCollision.asm" target="Basic\ModuleScripts\MainScripts\MazeGame\HandleTileCollision.asm" />
  <AddAction name="AddScript" source="ModuleScripts\MainScripts\ScrollingPlatformer\AttackTimerFinished.asm" target="Basic\ModuleScripts\MainScripts\ScrollingPlatformer\AttackTimerFinished.asm" />
  <AddAction name="AddScript" source="ModuleScripts\MainScripts\ScrollingPlatformer\ExtraControllReadCode.asm" target="Basic\ModuleScripts\MainScripts\ScrollingPlatformer\ExtraControllReadCode.asm" />
  <AddAction name="AddScript" source="ModuleScripts\MainScripts\ScrollingPlatformer\HandleObjectCollisions.asm" target="Basic\ModuleScripts\MainScripts\ScrollingPlatformer\HandleObjectCollisions.asm" />
  <AddAction name="AddScript" source="ModuleScripts\MainScripts\ScrollingPlatformer\HandleSpriteWeapon.asm" target="Basic\ModuleScripts\MainScripts\ScrollingPlatformer\HandleSpriteWeapon.asm" />
  <AddAction name="AddScript" source="ModuleScripts\MainScripts\ScrollingPlatformer\Handle_CheckForTriggers.asm" target="Basic\ModuleScripts\MainScripts\ScrollingPlatformer\Handle_CheckForTriggers.asm" />
  <AddAction name="AddScript" source="ModuleScripts\MainScripts\ScrollingPlatformer\PreDraw.asm" target="Basic\ModuleScripts\MainScripts\ScrollingPlatformer\PreDraw.asm" />
  <AddAction name="AddScript" source="ModuleScripts\MainScripts\ScrollingPlatformer\TileCollisions.asm" target="Basic\ModuleScripts\MainScripts\ScrollingPlatformer\TileCollisions.asm" />
  <AddAction name="AddScript" source="ModuleScripts\MainScripts\ScrollingShooter\AttackTimerFinished.asm" target="Basic\ModuleScripts\MainScripts\ScrollingShooter\AttackTimerFinished.asm" />
  <AddAction name="AddScript" source="ModuleScripts\MainScripts\ScrollingShooter\ExtraControllReadCode.asm" target="Basic\ModuleScripts\MainScripts\ScrollingShooter\ExtraControllReadCode.asm" />
  <AddAction name="AddScript" source="ModuleScripts\MainScripts\ScrollingShooter\HandleObjectCollisions.asm" target="Basic\ModuleScripts\MainScripts\ScrollingShooter\HandleObjectCollisions.asm" />
  <AddAction name="AddScript" source="ModuleScripts\MainScripts\ScrollingShooter\HandleSpriteWeapon.asm" target="Basic\ModuleScripts\MainScripts\ScrollingShooter\HandleSpriteWeapon.asm" />
  <AddAction name="AddScript" source="ModuleScripts\MainScripts\ScrollingShooter\Handle_CheckForTriggers.asm" target="Basic\ModuleScripts\MainScripts\ScrollingShooter\Handle_CheckForTriggers.asm" />
  <AddAction name="AddScript" source="ModuleScripts\MainScripts\ScrollingShooter\PreDraw.asm" target="Basic\ModuleScripts\MainScripts\ScrollingShooter\PreDraw.asm" />
  <AddAction name="AddScript" source="ModuleScripts\MainScripts\ScrollingShooter\TileCollisions.asm" target="Basic\ModuleScripts\MainScripts\ScrollingShooter\TileCollisions.asm" />
  <AddAction name="AddScript" source="ModuleScripts\MainScripts\SimplePlatformer\ExtraControllReadCode.asm" target="Basic\ModuleScripts\MainScripts\SimplePlatformer\ExtraControllReadCode.asm" />
  <AddAction name="AddScript" source="ModuleScripts\MainScripts\SimplePlatformer\HandleObjectCollisions.asm" target="Basic\ModuleScripts\MainScripts\SimplePlatformer\HandleObjectCollisions.asm" />
  <AddAction name="AddScript" source="ModuleScripts\MainScripts\SimplePlatformer\HandleSpriteWeapon.asm" target="Basic\ModuleScripts\MainScripts\SimplePlatformer\HandleSpriteWeapon.asm" />
  <AddAction name="AddScript" source="ModuleScripts\MainScripts\SimplePlatformer\PreDraw.asm" target="Basic\ModuleScripts\MainScripts\SimplePlatformer\PreDraw.asm" />
  <AddAction name="AddScript" source="ModuleScripts\MainScripts\SimplePlatformer\TileCollisions.asm" target="Basic\ModuleScripts\MainScripts\SimplePlatformer\TileCollisions.asm" />
  <AddAction name="AddScript" source="ModuleScripts\MovementScripts\StartMovingPlayerDown.asm" target="Basic\ModuleScripts\MovementScripts\StartMovingPlayerDown.asm" />
  <AddAction name="AddScript" source="ModuleScripts\MovementScripts\StartMovingPlayerLeft.asm" target="Basic\ModuleScripts\MovementScripts\StartMovingPlayerLeft.asm" />
  <AddAction name="AddScript" source="ModuleScripts\MovementScripts\StartMovingPlayerRight.asm" target="Basic\ModuleScripts\MovementScripts\StartMovingPlayerRight.asm" />
  <AddAction name="AddScript" source="ModuleScripts\MovementScripts\StartMovingPlayerUp.asm" target="Basic\ModuleScripts\MovementScripts\StartMovingPlayerUp.asm" />
  <AddAction name="AddScript" source="ModuleScripts\MovementScripts\StopMovingPlayerDown.asm" target="Basic\ModuleScripts\MovementScripts\StopMovingPlayerDown.asm" />
  <AddAction name="AddScript" source="ModuleScripts\MovementScripts\StopMovingPlayerLeft.asm" target="Basic\ModuleScripts\MovementScripts\StopMovingPlayerLeft.asm" />
  <AddAction name="AddScript" source="ModuleScripts\MovementScripts\StopMovingPlayerRight.asm" target="Basic\ModuleScripts\MovementScripts\StopMovingPlayerRight.asm" />
  <AddAction name="AddScript" source="ModuleScripts\MovementScripts\StopMovingPlayerUp.asm" target="Basic\ModuleScripts\MovementScripts\StopMovingPlayerUp.asm" />
  <AddAction name="AddScript" source="ModuleScripts\MovementScripts\Adventure\StartMovingPlayerDown.asm" target="Basic\ModuleScripts\MovementScripts\Adventure\StartMovingPlayerDown.asm" />
  <AddAction name="AddScript" source="ModuleScripts\MovementScripts\Adventure\StartMovingPlayerLeft.asm" target="Basic\ModuleScripts\MovementScripts\Adventure\StartMovingPlayerLeft.asm" />
  <AddAction name="AddScript" source="ModuleScripts\MovementScripts\Adventure\StartMovingPlayerRight.asm" target="Basic\ModuleScripts\MovementScripts\Adventure\StartMovingPlayerRight.asm" />
  <AddAction name="AddScript" source="ModuleScripts\MovementScripts\Adventure\StartMovingPlayerUp.asm" target="Basic\ModuleScripts\MovementScripts\Adventure\StartMovingPlayerUp.asm" />
  <AddAction name="AddScript" source="ModuleScripts\MovementScripts\Adventure\StopMovingPlayerDown.asm" target="Basic\ModuleScripts\MovementScripts\Adventure\StopMovingPlayerDown.asm" />
  <AddAction name="AddScript" source="ModuleScripts\MovementScripts\Adventure\StopMovingPlayerLeft.asm" target="Basic\ModuleScripts\MovementScripts\Adventure\StopMovingPlayerLeft.asm" />
  <AddAction name="AddScript" source="ModuleScripts\MovementScripts\Adventure\StopMovingPlayerRight.asm" target="Basic\ModuleScripts\MovementScripts\Adventure\StopMovingPlayerRight.asm" />
  <AddAction name="AddScript" source="ModuleScripts\MovementScripts\Adventure\StopMovingPlayerUp.asm" target="Basic\ModuleScripts\MovementScripts\Adventure\StopMovingPlayerUp.asm" />
  <AddAction name="AddScript" source="ModuleScripts\MovementScripts\MazeGame\StartMovingPlayerDown.asm" target="Basic\ModuleScripts\MovementScripts\MazeGame\StartMovingPlayerDown.asm" />
  <AddAction name="AddScript" source="ModuleScripts\MovementScripts\MazeGame\StartMovingPlayerLeft.asm" target="Basic\ModuleScripts\MovementScripts\MazeGame\StartMovingPlayerLeft.asm" />
  <AddAction name="AddScript" source="ModuleScripts\MovementScripts\MazeGame\StartMovingPlayerRight.asm" target="Basic\ModuleScripts\MovementScripts\MazeGame\StartMovingPlayerRight.asm" />
  <AddAction name="AddScript" source="ModuleScripts\MovementScripts\MazeGame\StartMovingPlayerUp.asm" target="Basic\ModuleScripts\MovementScripts\MazeGame\StartMovingPlayerUp.asm" />
  <AddAction name="AddScript" source="ModuleScripts\MovementScripts\MazeGame\StopMovingPlayerDown.asm" target="Basic\ModuleScripts\MovementScripts\MazeGame\StopMovingPlayerDown.asm" />
  <AddAction name="AddScript" source="ModuleScripts\MovementScripts\MazeGame\StopMovingPlayerLeft.asm" target="Basic\ModuleScripts\MovementScripts\MazeGame\StopMovingPlayerLeft.asm" />
  <AddAction name="AddScript" source="ModuleScripts\MovementScripts\MazeGame\StopMovingPlayerRight.asm" target="Basic\ModuleScripts\MovementScripts\MazeGame\StopMovingPlayerRight.asm" />
  <AddAction name="AddScript" source="ModuleScripts\MovementScripts\MazeGame\StopMovingPlayerUp.asm" target="Basic\ModuleScripts\MovementScripts\MazeGame\StopMovingPlayerUp.asm" />
  <AddAction name="AddScript" source="ModuleScripts\MovementScripts\Shooter\StartMovingPlayerDown.asm" target="Basic\ModuleScripts\MovementScripts\Shooter\StartMovingPlayerDown.asm" />
  <AddAction name="AddScript" source="ModuleScripts\MovementScripts\Shooter\StartMovingPlayerLeft.asm" target="Basic\ModuleScripts\MovementScripts\Shooter\StartMovingPlayerLeft.asm" />
  <AddAction name="AddScript" source="ModuleScripts\MovementScripts\Shooter\StartMovingPlayerRight.asm" target="Basic\ModuleScripts\MovementScripts\Shooter\StartMovingPlayerRight.asm" />
  <AddAction name="AddScript" source="ModuleScripts\MovementScripts\Shooter\StartMovingPlayerUp.asm" target="Basic\ModuleScripts\MovementScripts\Shooter\StartMovingPlayerUp.asm" />
  <AddAction name="AddScript" source="ModuleScripts\MovementScripts\Shooter\StopMovingPlayerDown.asm" target="Basic\ModuleScripts\MovementScripts\Shooter\StopMovingPlayerDown.asm" />
  <AddAction name="AddScript" source="ModuleScripts\MovementScripts\Shooter\StopMovingPlayerLeft.asm" target="Basic\ModuleScripts\MovementScripts\Shooter\StopMovingPlayerLeft.asm" />
  <AddAction name="AddScript" source="ModuleScripts\MovementScripts\Shooter\StopMovingPlayerRight.asm" target="Basic\ModuleScripts\MovementScripts\Shooter\StopMovingPlayerRight.asm" />
  <AddAction name="AddScript" source="ModuleScripts\MovementScripts\Shooter\StopMovingPlayerUp.asm" target="Basic\ModuleScripts\MovementScripts\Shooter\StopMovingPlayerUp.asm" />
  <AddAction name="AddScript" source="ModuleScripts\MovementScripts\SimpleInput\StartMovingPlayerDown.asm" target="Basic\ModuleScripts\MovementScripts\SimpleInput\StartMovingPlayerDown.asm" />
  <AddAction name="AddScript" source="ModuleScripts\MovementScripts\SimpleInput\StartMovingPlayerLeft.asm" target="Basic\ModuleScripts\MovementScripts\SimpleInput\StartMovingPlayerLeft.asm" />
  <AddAction name="AddScript" source="ModuleScripts\MovementScripts\SimpleInput\StartMovingPlayerRight.asm" target="Basic\ModuleScripts\MovementScripts\SimpleInput\StartMovingPlayerRight.asm" />
  <AddAction name="AddScript" source="ModuleScripts\MovementScripts\SimpleInput\StartMovingPlayerUp.asm" target="Basic\ModuleScripts\MovementScripts\SimpleInput\StartMovingPlayerUp.asm" />
  <AddAction name="AddScript" source="ModuleScripts\MovementScripts\SimpleInput\StopMovingPlayerDown.asm" target="Basic\ModuleScripts\MovementScripts\SimpleInput\StopMovingPlayerDown.asm" />
  <AddAction name="AddScript" source="ModuleScripts\MovementScripts\SimpleInput\StopMovingPlayerLeft.asm" target="Basic\ModuleScripts\MovementScripts\SimpleInput\StopMovingPlayerLeft.asm" />
  <AddAction name="AddScript" source="ModuleScripts\MovementScripts\SimpleInput\StopMovingPlayerRight.asm" target="Basic\ModuleScripts\MovementScripts\SimpleInput\StopMovingPlayerRight.asm" />
  <AddAction name="AddScript" source="ModuleScripts\MovementScripts\SimpleInput\StopMovingPlayerUp.asm" target="Basic\ModuleScripts\MovementScripts\SimpleInput\StopMovingPlayerUp.asm" />
  <AddAction name="AddScript" source="ModuleScripts\MovementScripts\SimplePlatformer\StartMovingPlayerLeft.asm" target="Basic\ModuleScripts\MovementScripts\SimplePlatformer\StartMovingPlayerLeft.asm" />
  <AddAction name="AddScript" source="ModuleScripts\MovementScripts\SimplePlatformer\StartMovingPlayerRight.asm" target="Basic\ModuleScripts\MovementScripts\SimplePlatformer\StartMovingPlayerRight.asm" />
  <AddAction name="AddScript" source="ModuleScripts\MovementScripts\SimplePlatformer\StopMovingPlayerLeft.asm" target="Basic\ModuleScripts\MovementScripts\SimplePlatformer\StopMovingPlayerLeft.asm" />
  <AddAction name="AddScript" source="ModuleScripts\MovementScripts\SimplePlatformer\StopMovingPlayerRight.asm" target="Basic\ModuleScripts\MovementScripts\SimplePlatformer\StopMovingPlayerRight.asm" />
  <AddAction name="AddScript" source="ModuleScripts\ObjectCollisions\HandlePlayer_NPC_Collision.asm" target="Basic\ModuleScripts\ObjectCollisions\HandlePlayer_NPC_Collision.asm" />
  <AddAction name="AddScript" source="ModuleScripts\PowerUpCode\Powerup_Blank.asm" target="Basic\ModuleScripts\PowerUpCode\Powerup_Blank.asm" />
  <AddAction name="AddScript" source="ModuleScripts\PowerUpCode\Powerup_IncreaseHealth.asm" target="Basic\ModuleScripts\PowerUpCode\Powerup_IncreaseHealth.asm" />
  <AddAction name="AddScript" source="ModuleScripts\PowerUpCode\Powerup_IncreaseMoney.asm" target="Basic\ModuleScripts\PowerUpCode\Powerup_IncreaseMoney.asm" />
  <AddAction name="AddScript" source="ModuleScripts\PowerUpCode\Powerup_IncreaseScore.asm" target="Basic\ModuleScripts\PowerUpCode\Powerup_IncreaseScore.asm" />
  <AddAction name="AddScript" source="ModuleScripts\PowerUpCode\Powerup_Key.asm" target="Basic\ModuleScripts\PowerUpCode\Powerup_Key.asm" />
  <AddAction name="AddScript" source="ModuleScripts\PowerUpCode\Powerup_UnlockProjectile.asm" target="Basic\ModuleScripts\PowerUpCode\Powerup_UnlockProjectile.asm" />
  <AddAction name="AddScript" source="ModuleScripts\PowerUpCode\MazeGame\Powerup_MakeInvincible.asm" target="Basic\ModuleScripts\PowerUpCode\MazeGame\Powerup_MakeInvincible.asm" />
  <AddAction name="AddScript" source="ModuleScripts\PowerUpCode\ScrollingPlatformer\Powerup_MakeInvincible.asm" target="Basic\ModuleScripts\PowerUpCode\ScrollingPlatformer\Powerup_MakeInvincible.asm" />
  <AddAction name="AddScript" source="ModuleScripts\PowerUpCode\SimplePlatformer\Powerup_MakeInvincible.asm" target="Basic\ModuleScripts\PowerUpCode\SimplePlatformer\Powerup_MakeInvincible.asm" />
  <AddAction name="AddScript" source="ModuleScripts\TileScripts\ActivateText1.asm" target="Basic\ModuleScripts\TileScripts\ActivateText1.asm" />
  <AddAction name="AddScript" source="ModuleScripts\TileScripts\BreakableBlock.asm" target="Basic\ModuleScripts\TileScripts\BreakableBlock.asm" />
  <AddAction name="AddScript" source="ModuleScripts\TileScripts\Collectable.asm" target="Basic\ModuleScripts\TileScripts\Collectable.asm" />
  <AddAction name="AddScript" source="ModuleScripts\TileScripts\Collectable_JustForScore.asm" target="Basic\ModuleScripts\TileScripts\Collectable_JustForScore.asm" />
  <AddAction name="AddScript" source="ModuleScripts\TileScripts\InstaDeath.asm" target="Basic\ModuleScripts\TileScripts\InstaDeath.asm" />
  <AddAction name="AddScript" source="ModuleScripts\TileScripts\Ladder.asm" target="Basic\ModuleScripts\TileScripts\Ladder.asm" />
  <AddAction name="AddScript" source="ModuleScripts\TileScripts\LockedDoor.asm" target="Basic\ModuleScripts\TileScripts\LockedDoor.asm" />
  <AddAction name="AddScript" source="ModuleScripts\TileScripts\MonsterBarrier.asm" target="Basic\ModuleScripts\TileScripts\MonsterBarrier.asm" />
  <AddAction name="AddScript" source="ModuleScripts\TileScripts\navTile1.asm" target="Basic\ModuleScripts\TileScripts\navTile1.asm" />
  <AddAction name="AddScript" source="ModuleScripts\TileScripts\navTile2.asm" target="Basic\ModuleScripts\TileScripts\navTile2.asm" />
  <AddAction name="AddScript" source="ModuleScripts\TileScripts\navTile3.asm" target="Basic\ModuleScripts\TileScripts\navTile3.asm" />
  <AddAction name="AddScript" source="ModuleScripts\TileScripts\navTile4.asm" target="Basic\ModuleScripts\TileScripts\navTile4.asm" />
  <AddAction name="AddScript" source="ModuleScripts\TileScripts\NPCtile.asm" target="Basic\ModuleScripts\TileScripts\NPCtile.asm" />
  <AddAction name="AddScript" source="ModuleScripts\TileScripts\NullTile_Walkable.asm" target="Basic\ModuleScripts\TileScripts\NullTile_Walkable.asm" />
  <AddAction name="AddScript" source="ModuleScripts\TileScripts\OneWayTile.asm" target="Basic\ModuleScripts\TileScripts\OneWayTile.asm" />
  <AddAction name="AddScript" source="ModuleScripts\TileScripts\PickupShrub.asm" target="Basic\ModuleScripts\TileScripts\PickupShrub.asm" />
  <AddAction name="AddScript" source="ModuleScripts\TileScripts\PrizeBlock.asm" target="Basic\ModuleScripts\TileScripts\PrizeBlock.asm" />
  <AddAction name="AddScript" source="ModuleScripts\TileScripts\RestartGame.asm" target="Basic\ModuleScripts\TileScripts\RestartGame.asm" />
  <AddAction name="AddScript" source="ModuleScripts\TileScripts\SolidBehavior.asm" target="Basic\ModuleScripts\TileScripts\SolidBehavior.asm" />
  <AddAction name="AddScript" source="ModuleScripts\TileScripts\WarpToScreen.asm" target="Basic\ModuleScripts\TileScripts\WarpToScreen.asm" />
  <AddAction name="AddScript" source="ModuleScripts\TileScripts\WinGame.asm" target="Basic\ModuleScripts\TileScripts\WinGame.asm" />
  <AddAction name="AddScript" source="ModuleScripts\TileScripts\Adventure\KeyPickup.asm" target="Basic\ModuleScripts\TileScripts\Adventure\KeyPickup.asm" />
  <AddAction name="AddScript" source="ModuleScripts\TileScripts\Adventure\LockedDoor.asm" target="Basic\ModuleScripts\TileScripts\Adventure\LockedDoor.asm" />
  <AddAction name="AddScript" source="ModuleScripts\TileScripts\Adventure\MagicBlock.asm" target="Basic\ModuleScripts\TileScripts\Adventure\MagicBlock.asm" />
  <AddAction name="AddScript" source="ModuleScripts\TileScripts\Adventure\SolidBehavior.asm" target="Basic\ModuleScripts\TileScripts\Adventure\SolidBehavior.asm" />
  <AddAction name="AddScript" source="ModuleScripts\TileScripts\Adventure\WalkBehind.asm" target="Basic\ModuleScripts\TileScripts\Adventure\WalkBehind.asm" />
  <AddAction name="AddScript" source="ModuleScripts\TileScripts\Adventure\WarpToScreen.asm" target="Basic\ModuleScripts\TileScripts\Adventure\WarpToScreen.asm" />
  <AddAction name="AddScript" source="ModuleScripts\TileScripts\MazeGame\Collectable.asm" target="Basic\ModuleScripts\TileScripts\MazeGame\Collectable.asm" />
  <AddAction name="AddScript" source="ModuleScripts\TileScripts\MazeGame\Collectable_JustForScore.asm" target="Basic\ModuleScripts\TileScripts\MazeGame\Collectable_JustForScore.asm" />
  <AddAction name="AddScript" source="ModuleScripts\TileScripts\MazeGame\Collectable_PowerUp.asm" target="Basic\ModuleScripts\TileScripts\MazeGame\Collectable_PowerUp.asm" />
  <AddAction name="AddScript" source="ModuleScripts\TileScripts\MazeGame\MonsterBarrier.asm" target="Basic\ModuleScripts\TileScripts\MazeGame\MonsterBarrier.asm" />
  <AddAction name="AddScript" source="ModuleScripts\TileScripts\MazeGame\NPCtile.asm" target="Basic\ModuleScripts\TileScripts\MazeGame\NPCtile.asm" />
  <AddAction name="AddScript" source="ModuleScripts\TileScripts\MazeGame\NullTile_Walkable.asm" target="Basic\ModuleScripts\TileScripts\MazeGame\NullTile_Walkable.asm" />
  <AddAction name="AddScript" source="ModuleScripts\TileScripts\MazeGame\SolidBehavior.asm" target="Basic\ModuleScripts\TileScripts\MazeGame\SolidBehavior.asm" />
  <AddAction name="AddScript" source="ModuleScripts\TileScripts\MazeGame\WarpToScreen.asm" target="Basic\ModuleScripts\TileScripts\MazeGame\WarpToScreen.asm" />
  <AddAction name="AddScript" source="ModuleScripts\TileScripts\MazeGame\WinGame.asm" target="Basic\ModuleScripts\TileScripts\MazeGame\WinGame.asm" />
  <AddAction name="AddScript" source="ModuleScripts\TileScripts\ScrollingPlatformer\BreakableBlock.asm" target="Basic\ModuleScripts\TileScripts\ScrollingPlatformer\BreakableBlock.asm" />
  <AddAction name="AddScript" source="ModuleScripts\TileScripts\ScrollingPlatformer\Collectable.asm" target="Basic\ModuleScripts\TileScripts\ScrollingPlatformer\Collectable.asm" />
  <AddAction name="AddScript" source="ModuleScripts\TileScripts\ScrollingPlatformer\Collectable_JustForScore.asm" target="Basic\ModuleScripts\TileScripts\ScrollingPlatformer\Collectable_JustForScore.asm" />
  <AddAction name="AddScript" source="ModuleScripts\TileScripts\ScrollingPlatformer\HandlePlayerDeath.asm" target="Basic\ModuleScripts\TileScripts\ScrollingPlatformer\HandlePlayerDeath.asm" />
  <AddAction name="AddScript" source="ModuleScripts\TileScripts\ScrollingPlatformer\Ladder.asm" target="Basic\ModuleScripts\TileScripts\ScrollingPlatformer\Ladder.asm" />
  <AddAction name="AddScript" source="ModuleScripts\TileScripts\ScrollingPlatformer\LevelClear.asm" target="Basic\ModuleScripts\TileScripts\ScrollingPlatformer\LevelClear.asm" />
  <AddAction name="AddScript" source="ModuleScripts\TileScripts\ScrollingPlatformer\MonsterBarrier.asm" target="Basic\ModuleScripts\TileScripts\ScrollingPlatformer\MonsterBarrier.asm" />
  <AddAction name="AddScript" source="ModuleScripts\TileScripts\ScrollingPlatformer\OneWayBlock.asm" target="Basic\ModuleScripts\TileScripts\ScrollingPlatformer\OneWayBlock.asm" />
  <AddAction name="AddScript" source="ModuleScripts\TileScripts\ScrollingPlatformer\setCheckpoint.asm" target="Basic\ModuleScripts\TileScripts\ScrollingPlatformer\setCheckpoint.asm" />
  <AddAction name="AddScript" source="ModuleScripts\TileScripts\ScrollingPlatformer\WarpToScreen.asm" target="Basic\ModuleScripts\TileScripts\ScrollingPlatformer\WarpToScreen.asm" />
  <AddAction name="AddScript" source="ModuleScripts\TileScripts\ScrollingPlatformer\WinGame.asm" target="Basic\ModuleScripts\TileScripts\ScrollingPlatformer\WinGame.asm" />
  <AddAction name="AddScript" source="ModuleScripts\TileScripts\SimplePlatformer\BreakableBlock.asm" target="Basic\ModuleScripts\TileScripts\SimplePlatformer\BreakableBlock.asm" />
  <AddAction name="AddScript" source="ModuleScripts\TileScripts\SimplePlatformer\Collectable.asm" target="Basic\ModuleScripts\TileScripts\SimplePlatformer\Collectable.asm" />
  <AddAction name="AddScript" source="ModuleScripts\TileScripts\SimplePlatformer\Collectable_JustForScore.asm" target="Basic\ModuleScripts\TileScripts\SimplePlatformer\Collectable_JustForScore.asm" />
  <AddAction name="AddScript" source="ModuleScripts\TileScripts\SimplePlatformer\HandlePlayerDeath.asm" target="Basic\ModuleScripts\TileScripts\SimplePlatformer\HandlePlayerDeath.asm" />
  <AddAction name="AddScript" source="ModuleScripts\TileScripts\SimplePlatformer\Ladder.asm" target="Basic\ModuleScripts\TileScripts\SimplePlatformer\Ladder.asm" />
  <AddAction name="AddScript" source="ModuleScripts\TileScripts\SimplePlatformer\MonsterBarrier.asm" target="Basic\ModuleScripts\TileScripts\SimplePlatformer\MonsterBarrier.asm" />
  <AddAction name="AddScript" source="ModuleScripts\TileScripts\SimplePlatformer\OneWayBlock.asm" target="Basic\ModuleScripts\TileScripts\SimplePlatformer\OneWayBlock.asm" />
  <AddAction name="AddScript" source="ModuleScripts\TileScripts\SimplePlatformer\WarpToScreen.asm" target="Basic\ModuleScripts\TileScripts\SimplePlatformer\WarpToScreen.asm" />
  <AddAction name="AddScript" source="ModuleScripts\TileScripts\SimplePlatformer\WinGame.asm" target="Basic\ModuleScripts\TileScripts\SimplePlatformer\WinGame.asm" />
  <AddAction name="AddScript" source="ModuleScripts\TileScripts\SimpleShooter\InstantDeath.asm" target="Basic\ModuleScripts\TileScripts\SimpleShooter\InstantDeath.asm" />
  <AddAction name="AddScript" source="PhysicsScripts\CalculateAccAndSpeed.asm" target="Basic\PhysicsScripts\CalculateAccAndSpeed.asm" />
  <AddAction name="AddScript" source="PhysicsScripts\doMovementStuff.asm" target="Basic\PhysicsScripts\doMovementStuff.asm" />
  <AddAction name="AddScript" source="PhysicsScripts\HandleCollisions.asm" target="Basic\PhysicsScripts\HandleCollisions.asm" />
  <AddAction name="AddScript" source="PhysicsScripts\HandleCollisions2.asm" target="Basic\PhysicsScripts\HandleCollisions2.asm" />
  <AddAction name="AddScript" source="System\AssignBanks.asm" target="Basic\System\AssignBanks.asm" />
  <AddAction name="AddScript" source="System\BankSwitch.asm" target="Basic\System\BankSwitch.asm" />
  <AddAction name="AddScript" source="System\CalculateAccAndSpeed.asm" target="Basic\System\CalculateAccAndSpeed.asm" />
  <AddAction name="AddScript" source="System\CheckForIgnoreDiagByte.asm" target="Basic\System\CheckForIgnoreDiagByte.asm" />
  <AddAction name="AddScript" source="System\CheckForUpdateScreenData.asm" target="Basic\System\CheckForUpdateScreenData.asm" />
  <AddAction name="AddScript" source="System\CheckTriggeredLoads.asm" target="Basic\System\CheckTriggeredLoads.asm" />
  <AddAction name="AddScript" source="System\ConvertCollisionToNT.asm" target="Basic\System\ConvertCollisionToNT.asm" />
  <AddAction name="AddScript" source="System\DeleteMe.asm" target="Basic\System\DeleteMe.asm" />
  <AddAction name="AddScript" source="System\ExtraControllReadCode.asm" target="Basic\System\ExtraControllReadCode.asm" />
  <AddAction name="AddScript" source="System\FindEmptyObjectSlot.asm" target="Basic\System\FindEmptyObjectSlot.asm" />
  <AddAction name="AddScript" source="System\FourPointCollisionDetection.asm" target="Basic\System\FourPointCollisionDetection.asm" />
  <AddAction name="AddScript" source="System\GamePadCheck.asm" target="Basic\System\GamePadCheck.asm" />
  <AddAction name="AddScript" source="System\GetAngleAndVelocity.asm" target="Basic\System\GetAngleAndVelocity.asm" />
  <AddAction name="AddScript" source="System\GetRandomNumber.asm" target="Basic\System\GetRandomNumber.asm" />
  <AddAction name="AddScript" source="System\ggsound.asm" target="Basic\System\ggsound.asm" />
  <AddAction name="AddScript" source="System\ggsound_ram.asm" target="Basic\System\ggsound_ram.asm" />
  <AddAction name="AddScript" source="System\ggsound_zp.asm" target="Basic\System\ggsound_zp.asm" />
  <AddAction name="AddScript" source="System\HandleBounds.asm" target="Basic\System\HandleBounds.asm" />
  <AddAction name="AddScript" source="System\HandleBoxes.asm" target="Basic\System\HandleBoxes.asm" />
  <AddAction name="AddScript" source="System\HandleFades.asm" target="Basic\System\HandleFades.asm" />
  <AddAction name="AddScript" source="System\HandleGameTimer.asm" target="Basic\System\HandleGameTimer.asm" />
  <AddAction name="AddScript" source="System\HandleHorisontalInertia.asm" target="Basic\System\HandleHorisontalInertia.asm" />
  <AddAction name="AddScript" source="System\HandleHudData.asm" target="Basic\System\HandleHudData.asm" />
  <AddAction name="AddScript" source="System\HandleHurtMonster.asm" target="Basic\System\HandleHurtMonster.asm" />
  <AddAction name="AddScript" source="System\HandleInput.asm" target="Basic\System\HandleInput.asm" />
  <AddAction name="AddScript" source="System\HandleLoadHud.asm" target="Basic\System\HandleLoadHud.asm" />
  <AddAction name="AddScript" source="System\HandleMusic.asm" target="Basic\System\HandleMusic.asm" />
  <AddAction name="AddScript" source="System\HandleNoMorePrizeTiles.asm" target="Basic\System\HandleNoMorePrizeTiles.asm" />
  <AddAction name="AddScript" source="System\HandleObjectCollisions.asm" target="Basic\System\HandleObjectCollisions.asm" />
  <AddAction name="AddScript" source="System\HandlePlayerDeath.asm" target="Basic\System\HandlePlayerDeath.asm" />
  <AddAction name="AddScript" source="System\HandlePlayerHurt.asm" target="Basic\System\HandlePlayerHurt.asm" />
  <AddAction name="AddScript" source="System\HandlePlayerWin.asm" target="Basic\System\HandlePlayerWin.asm" />
  <AddAction name="AddScript" source="System\HandleScreenLoadHudDraw.asm" target="Basic\System\HandleScreenLoadHudDraw.asm" />
  <AddAction name="AddScript" source="System\HandleScreenLoads.asm" target="Basic\System\HandleScreenLoads.asm" />
  <AddAction name="AddScript" source="System\HandleScroll.asm" target="Basic\System\HandleScroll.asm" />
  <AddAction name="AddScript" source="System\HandleStateChanges.asm" target="Basic\System\HandleStateChanges.asm" />
  <AddAction name="AddScript" source="System\HandleTextBox.asm" target="Basic\System\HandleTextBox.asm" />
  <AddAction name="AddScript" source="System\HandleUpdateMetaNametable.asm" target="Basic\System\HandleUpdateMetaNametable.asm" />
  <AddAction name="AddScript" source="System\HandleUpdateNametable.asm" target="Basic\System\HandleUpdateNametable.asm" />
  <AddAction name="AddScript" source="System\HandleUpdateObjects.asm" target="Basic\System\HandleUpdateObjects.asm" />
  <AddAction name="AddScript" source="System\HandleVerticalInertia.asm" target="Basic\System\HandleVerticalInertia.asm" />
  <AddAction name="AddScript" source="System\Handle_CheckForMonsters.asm" target="Basic\System\Handle_CheckForMonsters.asm" />
  <AddAction name="AddScript" source="System\Handle_CheckForTriggers.asm" target="Basic\System\Handle_CheckForTriggers.asm" />
  <AddAction name="AddScript" source="System\Header.asm" target="Basic\System\Header.asm" />
  <AddAction name="AddScript" source="System\HUD_Tables.asm" target="Basic\System\HUD_Tables.asm" />
  <AddAction name="AddScript" source="System\IncludeSystemFunctions.asm" target="Basic\System\IncludeSystemFunctions.asm" />
  <AddAction name="AddScript" source="System\LoadAttributesDirect.asm" target="Basic\System\LoadAttributesDirect.asm" />
  <AddAction name="AddScript" source="System\LoadChrRam.asm" target="Basic\System\LoadChrRam.asm" />
  <AddAction name="AddScript" source="System\LoadCollisionBytes.asm" target="Basic\System\LoadCollisionBytes.asm" />
  <AddAction name="AddScript" source="System\LoadMetaNametableWithPaths.asm" target="Basic\System\LoadMetaNametableWithPaths.asm" />
  <AddAction name="AddScript" source="System\LoadMonsters.asm" target="Basic\System\LoadMonsters.asm" />
  <AddAction name="AddScript" source="System\LoadScreenData.asm" target="Basic\System\LoadScreenData.asm" />
  <AddAction name="AddScript" source="System\locationFinders.asm" target="Basic\System\locationFinders.asm" />
  <AddAction name="AddScript" source="System\LoseLife.asm" target="Basic\System\LoseLife.asm" />
  <AddAction name="AddScript" source="System\MemoryMap.asm" target="Basic\System\MemoryMap.asm" />
  <AddAction name="AddScript" source="System\PopulateObjectBytes.asm" target="Basic\System\PopulateObjectBytes.asm" />
  <AddAction name="AddScript" source="System\Reset.asm" target="Basic\System\Reset.asm" />
  <AddAction name="AddScript" source="System\ValueCounters.asm" target="Basic\System\ValueCounters.asm" />
  <AddAction name="AddScript" source="System\Vectors.asm" target="Basic\System\Vectors.asm" />
  <AddAction name="AddScript" source="System\ZeroOutAssets.asm" target="Basic\System\ZeroOutAssets.asm" />
  <AddAction name="AddScript" source="System\AI_ActionRoutines\AI_Action_00.asm" target="Basic\System\AI_ActionRoutines\AI_Action_00.asm" />
  <AddAction name="AddScript" source="System\AI_ActionRoutines\AI_Action_01.asm" target="Basic\System\AI_ActionRoutines\AI_Action_01.asm" />
  <AddAction name="AddScript" source="System\AI_ActionRoutines\AI_Action_02.asm" target="Basic\System\AI_ActionRoutines\AI_Action_02.asm" />
  <AddAction name="AddScript" source="System\AI_ActionRoutines\AI_Action_03.asm" target="Basic\System\AI_ActionRoutines\AI_Action_03.asm" />
  <AddAction name="AddScript" source="System\AI_ActionRoutines\AI_Action_04.asm" target="Basic\System\AI_ActionRoutines\AI_Action_04.asm" />
  <AddAction name="AddScript" source="System\AI_ActionRoutines\AI_Action_05.asm" target="Basic\System\AI_ActionRoutines\AI_Action_05.asm" />
  <AddAction name="AddScript" source="System\AI_ActionRoutines\AI_Action_06.asm" target="Basic\System\AI_ActionRoutines\AI_Action_06.asm" />
  <AddAction name="AddScript" source="System\AI_ActionRoutines\AI_Action_07.asm" target="Basic\System\AI_ActionRoutines\AI_Action_07.asm" />
  <AddAction name="AddScript" source="System\AI_ActionRoutines\AI_Action_08.asm" target="Basic\System\AI_ActionRoutines\AI_Action_08.asm" />
  <AddAction name="AddScript" source="System\AI_ActionRoutines\AI_Action_09.asm" target="Basic\System\AI_ActionRoutines\AI_Action_09.asm" />
  <AddAction name="AddScript" source="System\AI_ActionRoutines\AI_Action_10.asm" target="Basic\System\AI_ActionRoutines\AI_Action_10.asm" />
  <AddAction name="AddScript" source="System\AI_ActionRoutines\AI_Action_11.asm" target="Basic\System\AI_ActionRoutines\AI_Action_11.asm" />
  <AddAction name="AddScript" source="System\AI_ActionRoutines\AI_Action_12.asm" target="Basic\System\AI_ActionRoutines\AI_Action_12.asm" />
  <AddAction name="AddScript" source="System\AI_ActionRoutines\AI_Action_13.asm" target="Basic\System\AI_ActionRoutines\AI_Action_13.asm" />
  <AddAction name="AddScript" source="System\AI_ActionRoutines\AI_Action_14.asm" target="Basic\System\AI_ActionRoutines\AI_Action_14.asm" />
  <AddAction name="AddScript" source="System\AI_ActionRoutines\AI_Action_15.asm" target="Basic\System\AI_ActionRoutines\AI_Action_15.asm" />
  <AddAction name="AddScript" source="System\AI_Reactions\Reaction_00.asm" target="Basic\System\AI_Reactions\Reaction_00.asm" />
  <AddAction name="AddScript" source="System\AI_Reactions\Reaction_01.asm" target="Basic\System\AI_Reactions\Reaction_01.asm" />
  <AddAction name="AddScript" source="System\AI_Reactions\Reaction_02.asm" target="Basic\System\AI_Reactions\Reaction_02.asm" />
  <AddAction name="AddScript" source="System\AI_Reactions\Reaction_03.asm" target="Basic\System\AI_Reactions\Reaction_03.asm" />
  <AddAction name="AddScript" source="System\AI_Reactions\Reaction_04.asm" target="Basic\System\AI_Reactions\Reaction_04.asm" />
  <AddAction name="AddScript" source="System\AI_Reactions\Reaction_05.asm" target="Basic\System\AI_Reactions\Reaction_05.asm" />
  <AddAction name="AddScript" source="System\AI_Reactions\Reaction_06.asm" target="Basic\System\AI_Reactions\Reaction_06.asm" />
  <AddAction name="AddScript" source="System\AI_Reactions\Reaction_07.asm" target="Basic\System\AI_Reactions\Reaction_07.asm" />
  <AddAction name="AddScript" source="System\HudElementScripts\HUD_Elements_Asset.asm" target="Basic\System\HudElementScripts\HUD_Elements_Asset.asm" />
  <AddAction name="AddScript" source="System\HudElementScripts\HUD_Elements_Text.asm" target="Basic\System\HudElementScripts\HUD_Elements_Text.asm" />
  <AddAction name="AddScript" source="System\HudElementScripts\HUD_Element_Numbers.asm" target="Basic\System\HudElementScripts\HUD_Element_Numbers.asm" />
  <AddAction name="AddScript" source="System\HudElementScripts\HUD_Element_Var_Image.asm" target="Basic\System\HudElementScripts\HUD_Element_Var_Image.asm" />
  <AddAction name="AddScript" source="System\Macros\AddValue.asm" target="Basic\System\Macros\AddValue.asm" />
  <AddAction name="AddScript" source="System\Macros\AssignHudLabel.asm" target="Basic\System\Macros\AssignHudLabel.asm" />
  <AddAction name="AddScript" source="System\Macros\AssignHudVariable.asm" target="Basic\System\Macros\AssignHudVariable.asm" />
  <AddAction name="AddScript" source="System\Macros\AssignHudVariableImage.asm" target="Basic\System\Macros\AssignHudVariableImage.asm" />
  <AddAction name="AddScript" source="System\Macros\BeginFade.asm" target="Basic\System\Macros\BeginFade.asm" />
  <AddAction name="AddScript" source="System\Macros\BlackOutArea.asm" target="Basic\System\Macros\BlackOutArea.asm" />
  <AddAction name="AddScript" source="System\Macros\ChangeAllTiles.asm" target="Basic\System\Macros\ChangeAllTiles.asm" />
  <AddAction name="AddScript" source="System\Macros\ChangeAllTilesDirect.asm" target="Basic\System\Macros\ChangeAllTilesDirect.asm" />
  <AddAction name="AddScript" source="System\Macros\ChangeBank.asm" target="Basic\System\Macros\ChangeBank.asm" />
  <AddAction name="AddScript" source="System\Macros\ChangeObjectState.asm" target="Basic\System\Macros\ChangeObjectState.asm" />
  <AddAction name="AddScript" source="System\Macros\ChangeTile.asm" target="Basic\System\Macros\ChangeTile.asm" />
  <AddAction name="AddScript" source="System\Macros\ChangeTileAtCollision.asm" target="Basic\System\Macros\ChangeTileAtCollision.asm" />
  <AddAction name="AddScript" source="System\Macros\CheckForHorizontalCollision.asm" target="Basic\System\Macros\CheckForHorizontalCollision.asm" />
  <AddAction name="AddScript" source="System\Macros\CheckForVerticalEjection.asm" target="Basic\System\Macros\CheckForVerticalEjection.asm" />
  <AddAction name="AddScript" source="System\Macros\CheckPlayerCameraPosition.asm" target="Basic\System\Macros\CheckPlayerCameraPosition.asm" />
  <AddAction name="AddScript" source="System\Macros\CheckPotentialPosition.asm" target="Basic\System\Macros\CheckPotentialPosition.asm" />
  <AddAction name="AddScript" source="System\Macros\CheckPotentialPositionSafe.asm" target="Basic\System\Macros\CheckPotentialPositionSafe.asm" />
  <AddAction name="AddScript" source="System\Macros\CheckPotentialPositionScroll.asm" target="Basic\System\Macros\CheckPotentialPositionScroll.asm" />
  <AddAction name="AddScript" source="System\Macros\CheckScrollColumnForNewMonsters.asm" target="Basic\System\Macros\CheckScrollColumnForNewMonsters.asm" />
  <AddAction name="AddScript" source="System\Macros\CheckTopLayer.asm" target="Basic\System\Macros\CheckTopLayer.asm" />
  <AddAction name="AddScript" source="System\Macros\CheckUnderObject.asm" target="Basic\System\Macros\CheckUnderObject.asm" />
  <AddAction name="AddScript" source="System\Macros\ContinueText.asm" target="Basic\System\Macros\ContinueText.asm" />
  <AddAction name="AddScript" source="System\Macros\CountObjects.asm" target="Basic\System\Macros\CountObjects.asm" />
  <AddAction name="AddScript" source="System\Macros\CreateObject.asm" target="Basic\System\Macros\CreateObject.asm" />
  <AddAction name="AddScript" source="System\Macros\DeactivateCurrentObject.asm" target="Basic\System\Macros\DeactivateCurrentObject.asm" />
  <AddAction name="AddScript" source="System\Macros\DeactivateTargetObject.asm" target="Basic\System\Macros\DeactivateTargetObject.asm" />
  <AddAction name="AddScript" source="System\Macros\DetermineCollisionTableOfPoints.asm" target="Basic\System\Macros\DetermineCollisionTableOfPoints.asm" />
  <AddAction name="AddScript" source="System\Macros\DoPlayerGuidedLeftScroll.asm" target="Basic\System\Macros\DoPlayerGuidedLeftScroll.asm" />
  <AddAction name="AddScript" source="System\Macros\DoPlayerGuidedRightScroll.asm" target="Basic\System\Macros\DoPlayerGuidedRightScroll.asm" />
  <AddAction name="AddScript" source="System\Macros\DrawBox.asm" target="Basic\System\Macros\DrawBox.asm" />
  <AddAction name="AddScript" source="System\Macros\DrawSprite.asm" target="Basic\System\Macros\DrawSprite.asm" />
  <AddAction name="AddScript" source="System\Macros\DrawText.asm" target="Basic\System\Macros\DrawText.asm" />
  <AddAction name="AddScript" source="System\Macros\FaceDirection.asm" target="Basic\System\Macros\FaceDirection.asm" />
  <AddAction name="AddScript" source="System\Macros\GetAbsoluteValue.asm" target="Basic\System\Macros\GetAbsoluteValue.asm" />
  <AddAction name="AddScript" source="System\Macros\GetCurrentActionType.asm" target="Basic\System\Macros\GetCurrentActionType.asm" />
  <AddAction name="AddScript" source="System\Macros\GetScreenBank.asm" target="Basic\System\Macros\GetScreenBank.asm" />
  <AddAction name="AddScript" source="System\Macros\GetTrigger.asm" target="Basic\System\Macros\GetTrigger.asm" />
  <AddAction name="AddScript" source="System\Macros\GetTriggerAtSeam.asm" target="Basic\System\Macros\GetTriggerAtSeam.asm" />
  <AddAction name="AddScript" source="System\Macros\GoToScreen.asm" target="Basic\System\Macros\GoToScreen.asm" />
  <AddAction name="AddScript" source="System\Macros\HandleAimedPhysics.asm" target="Basic\System\Macros\HandleAimedPhysics.asm" />
  <AddAction name="AddScript" source="System\Macros\HandleGravity.asm" target="Basic\System\Macros\HandleGravity.asm" />
  <AddAction name="AddScript" source="System\Macros\HandleHorisontalInertia.asm" target="Basic\System\Macros\HandleHorisontalInertia.asm" />
  <AddAction name="AddScript" source="System\Macros\HandleVerticalInertia.asm" target="Basic\System\Macros\HandleVerticalInertia.asm" />
  <AddAction name="AddScript" source="System\Macros\HideSprites.asm" target="Basic\System\Macros\HideSprites.asm" />
  <AddAction name="AddScript" source="System\Macros\HudUpdateForNumericDisplay.asm" target="Basic\System\Macros\HudUpdateForNumericDisplay.asm" />
  <AddAction name="AddScript" source="System\Macros\InitializeColumnWrite.asm" target="Basic\System\Macros\InitializeColumnWrite.asm" />
  <AddAction name="AddScript" source="System\Macros\LoadAttributeData.asm" target="Basic\System\Macros\LoadAttributeData.asm" />
  <AddAction name="AddScript" source="System\Macros\LoadAttributes.asm" target="Basic\System\Macros\LoadAttributes.asm" />
  <AddAction name="AddScript" source="System\Macros\LoadBackgroundPalette.asm" target="Basic\System\Macros\LoadBackgroundPalette.asm" />
  <AddAction name="AddScript" source="System\Macros\LoadBackgroundPaletteLabel.asm" target="Basic\System\Macros\LoadBackgroundPaletteLabel.asm" />
  <AddAction name="AddScript" source="System\Macros\LoadChrData.asm" target="Basic\System\Macros\LoadChrData.asm" />
  <AddAction name="AddScript" source="System\Macros\LoadCollisionTable.asm" target="Basic\System\Macros\LoadCollisionTable.asm" />
  <AddAction name="AddScript" source="System\Macros\LoadNametableFull.asm" target="Basic\System\Macros\LoadNametableFull.asm" />
  <AddAction name="AddScript" source="System\Macros\LoadNametableMeta.asm" target="Basic\System\Macros\LoadNametableMeta.asm" />
  <AddAction name="AddScript" source="System\Macros\LoadScreen.asm" target="Basic\System\Macros\LoadScreen.asm" />
  <AddAction name="AddScript" source="System\Macros\LoadSpritePalette.asm" target="Basic\System\Macros\LoadSpritePalette.asm" />
  <AddAction name="AddScript" source="System\Macros\MoveTowardsPoint.asm" target="Basic\System\Macros\MoveTowardsPoint.asm" />
  <AddAction name="AddScript" source="System\Macros\PlaySong.asm" target="Basic\System\Macros\PlaySong.asm" />
  <AddAction name="AddScript" source="System\Macros\PlaySound.asm" target="Basic\System\Macros\PlaySound.asm" />
  <AddAction name="AddScript" source="System\Macros\PushVariableToValue.asm" target="Basic\System\Macros\PushVariableToValue.asm" />
  <AddAction name="AddScript" source="System\Macros\ReturnToPrevBank.asm" target="Basic\System\Macros\ReturnToPrevBank.asm" />
  <AddAction name="AddScript" source="System\Macros\SetAttributeToChange.asm" target="Basic\System\Macros\SetAttributeToChange.asm" />
  <AddAction name="AddScript" source="System\Macros\SetColumnTileUpdatePosition.asm" target="Basic\System\Macros\SetColumnTileUpdatePosition.asm" />
  <AddAction name="AddScript" source="System\Macros\SetMetaTileToChange.asm" target="Basic\System\Macros\SetMetaTileToChange.asm" />
  <AddAction name="AddScript" source="System\Macros\SetTileToChange.asm" target="Basic\System\Macros\SetTileToChange.asm" />
  <AddAction name="AddScript" source="System\Macros\ShowSprites.asm" target="Basic\System\Macros\ShowSprites.asm" />
  <AddAction name="AddScript" source="System\Macros\StartMoving.asm" target="Basic\System\Macros\StartMoving.asm" />
  <AddAction name="AddScript" source="System\Macros\StopMoving.asm" target="Basic\System\Macros\StopMoving.asm" />
  <AddAction name="AddScript" source="System\Macros\StopSound.asm" target="Basic\System\Macros\StopSound.asm" />
  <AddAction name="AddScript" source="System\Macros\SubtractValue.asm" target="Basic\System\Macros\SubtractValue.asm" />
  <AddAction name="AddScript" source="System\Macros\TriggerScreen.asm" target="Basic\System\Macros\TriggerScreen.asm" />
  <AddAction name="AddScript" source="System\Macros\UpdateHud.asm" target="Basic\System\Macros\UpdateHud.asm" />
  <AddAction name="AddScript" source="System\Macros\UpdateSpritePointer.asm" target="Basic\System\Macros\UpdateSpritePointer.asm" />
  <AddAction name="AddScript" source="System\TileTypes\TileType00.asm" target="Basic\System\TileTypes\TileType00.asm" />
  <AddAction name="AddScript" source="System\TileTypes\TileType01.asm" target="Basic\System\TileTypes\TileType01.asm" />
  <AddAction name="AddScript" source="System\TileTypes\TileType02.asm" target="Basic\System\TileTypes\TileType02.asm" />
  <AddAction name="AddScript" source="System\TileTypes\TileType03.asm" target="Basic\System\TileTypes\TileType03.asm" />
  <AddAction name="AddScript" source="System\TileTypes\TileType04.asm" target="Basic\System\TileTypes\TileType04.asm" />
  <AddAction name="AddScript" source="System\TileTypes\TileType05.asm" target="Basic\System\TileTypes\TileType05.asm" />
  <AddAction name="AddScript" source="System\TileTypes\TileType06.asm" target="Basic\System\TileTypes\TileType06.asm" />
  <AddAction name="AddScript" source="System\TileTypes\TileType07.asm" target="Basic\System\TileTypes\TileType07.asm" />
  <AddAction name="AddScript" source="System\TileTypes\TileType08.asm" target="Basic\System\TileTypes\TileType08.asm" />
  <AddAction name="AddScript" source="System\TileTypes\TileType09.asm" target="Basic\System\TileTypes\TileType09.asm" />
  <AddAction name="AddScript" source="System\TileTypes\TileType10.asm" target="Basic\System\TileTypes\TileType10.asm" />
  <AddAction name="AddScript" source="System\TileTypes\TileType11.asm" target="Basic\System\TileTypes\TileType11.asm" />
  <AddAction name="AddScript" source="System\TileTypes\TileType12.asm" target="Basic\System\TileTypes\TileType12.asm" />
  <AddAction name="AddScript" source="System\TileTypes\TileType13.asm" target="Basic\System\TileTypes\TileType13.asm" />
  <AddAction name="AddScript" source="System\TileTypes\TileType14.asm" target="Basic\System\TileTypes\TileType14.asm" />
  <AddAction name="AddScript" source="System\TileTypes\TileType15.asm" target="Basic\System\TileTypes\TileType15.asm" />
  <AddAction name="AddScript" source="System\TimerEndScripts\Timer_AdvanceAction.asm" target="Basic\System\TimerEndScripts\Timer_AdvanceAction.asm" />
  <AddAction name="AddScript" source="System\TimerEndScripts\Timer_DestroyMe.asm" target="Basic\System\TimerEndScripts\Timer_DestroyMe.asm" />
  <AddAction name="AddScript" source="System\TimerEndScripts\Timer_DoPlayerDeath.asm" target="Basic\System\TimerEndScripts\Timer_DoPlayerDeath.asm" />
  <AddAction name="AddScript" source="System\TimerEndScripts\Timer_GoToFirstAction.asm" target="Basic\System\TimerEndScripts\Timer_GoToFirstAction.asm" />
  <AddAction name="AddScript" source="System\TimerEndScripts\Timer_GoToLastAction.asm" target="Basic\System\TimerEndScripts\Timer_GoToLastAction.asm" />
  <AddAction name="AddScript" source="System\TimerEndScripts\Timer_GoToPrevAction.asm" target="Basic\System\TimerEndScripts\Timer_GoToPrevAction.asm" />
  <AddAction name="AddScript" source="System\TimerEndScripts\Timer_RepeatCurrentAction.asm" target="Basic\System\TimerEndScripts\Timer_RepeatCurrentAction.asm" />
  <AddAction name="AddScript" source="System\TimerEndScripts\Timer_WarpToNewScreen.asm" target="Basic\System\TimerEndScripts\Timer_WarpToNewScreen.asm" />
  <AddAction name="AddScript" source="System\TimerEndScripts\Timer_WinGame.asm" target="Basic\System\TimerEndScripts\Timer_WinGame.asm" />
  <AddAction name="AddScript" source="Variables\ModuleVariables.asm" target="Basic\Variables\ModuleVariables.asm" />
  <AddAction name="AddScript" source="Variables\ObjectBytesRam.asm" target="Basic\Variables\ObjectBytesRam.asm" />
  <AddAction name="AddScript" source="Variables\SystemVariables.asm" target="Basic\Variables\SystemVariables.asm" />
  <AddAction name="AddScript" source="Variables\ZP_and_vars.asm" target="Basic\Variables\ZP_and_vars.asm" />
  <LinkAction name="LinkScript" display="ROOT" label="ROOT" param="Routines\Basic\" />
</Script>
